objectPath,objectName,objectType,id
/Explore/IICS_V2API,MCT_Longrun_5min_02,MTT,j9fbgdlfrQRdngjA3Cysm7
/Explore/IICS_V2API,V2API_MCT01,MTT,cUNHhFZUGKmfS8ahvaqjiW
/SYS,psvrlxfrs2002,AgentGroup,0ovBPOQ554kd98YimKSGsc
/Explore/IICS_V2API,V2API_Mapping01,DTEMPLATE,c5qz4Q9s60Sid2qjCfVUuC
/SYS,V2API_Target,Connection,7z5U3XyumWjgDbNU0tXuIA
/Explore/IICS_V2API,MCT_Longrun_1min_04,MTT,7WMfHJDq1KChn6bWfx5VW8
/Explore/IICS_V2API,V2API_Mapping02,DTEMPLATE,1hawmsYaaETjExrHpnRS4s
/Explore/IICS_V2API,MCT_Longrun_1min_01,MTT,bUNVQTQAvy3gYIT4hlMmqc
/Explore/IICS_V2API,MCT_Longrun_1min_05,MTT,gAzcU6gtQKdgl37hKMTO8m
/Explore/IICS_V2API,MCT_Longrun_1min_02,MTT,ahjqBdDAlRygA8r3HmLNcp
/SYS,V2API_Source,Connection,388DcaWt1DTeMZgR97Oger
/Explore/IICS_V2API,MCT_Longrun_1min_03,MTT,4aTKt3itM6xjP3yjiu6KQ5
/Explore/IICS_V2API,MCT_Longrun_5min_05,MTT,64NM5w3YgGcdzmYHx0SHQd
/Explore/IICS_V2API,MCT_Longrun_5min_01,MTT,gDMRynNfp0jfa7gQgFpxIe
/Explore/IICS_V2API,MCT_Longrun_5min_03,MTT,1IPrJALjjfHleZlHKQlf6N
/Explore,IICS_V2API,Project,a7ggX2ptCOKlE4zXjYquqi
/Explore/IICS_V2API,MCT_Longrun_5min_04,MTT,4ASvwR5K0ilb6szIPHyA4j