{
  "name" : "IICS_V2API_v2",
  "sourceOrgId" : "imawAB2t4EEeHRUbVL5hW3",
  "sourceOrgName" : "blankagent_012ISP",
  "exportedObjects" : [ {
    "objectGuid" : "j9fbgdlfrQRdngjA3Cysm7",
    "objectName" : "MCT_Longrun_5min_02",
    "objectType" : "MTT",
    "path" : "/Explore/IICS_V2API",
    "metadata" : {
      "modelVersion" : {
        "major" : 0,
        "minor" : 0
      },
      "repoInfo" : {
        "repoHandle" : "013U9C0Z00000000000A"
      },
      "objectRefs" : [ "388DcaWt1DTeMZgR97Oger", "0ovBPOQ554kd98YimKSGsc", "7z5U3XyumWjgDbNU0tXuIA", "1hawmsYaaETjExrHpnRS4s" ],
      "contextAttributes" : [ {
        "name" : "id",
        "value" : "@1"
      } ],
      "additionalInfo" : {
        "description" : "AzureSOQL map to flat file.\r\nruntime env set in configure file.\r\n",
        "contentType" : "JSON",
        "documentState" : "VALID"
      }
    }
  }, {
    "objectGuid" : "cUNHhFZUGKmfS8ahvaqjiW",
    "objectName" : "V2API_MCT01",
    "objectType" : "MTT",
    "path" : "/Explore/IICS_V2API",
    "metadata" : {
      "modelVersion" : {
        "major" : 0,
        "minor" : 0
      },
      "repoInfo" : {
        "repoHandle" : "013U9C0Z000000000003"
      },
      "objectRefs" : [ "388DcaWt1DTeMZgR97Oger", "0ovBPOQ554kd98YimKSGsc", "7z5U3XyumWjgDbNU0tXuIA", "c5qz4Q9s60Sid2qjCfVUuC" ],
      "contextAttributes" : [ {
        "name" : "id",
        "value" : "@1"
      } ],
      "additionalInfo" : {
        "description" : "AzureSOQL map to flat file.\r\nruntime env set in configure file.\r\n",
        "contentType" : "JSON",
        "documentState" : "VALID"
      }
    }
  }, {
    "objectGuid" : "0ovBPOQ554kd98YimKSGsc",
    "objectName" : "psvrlxfrs2002",
    "objectType" : "AgentGroup",
    "path" : "/SYS",
    "metadata" : {
      "modelVersion" : {
        "major" : 0,
        "minor" : 0
      },
      "repoInfo" : {
        "repoHandle" : "013U9C25000000000002"
      },
      "objectRefs" : [ ],
      "contextAttributes" : [ {
        "name" : "id",
        "value" : "@1"
      } ],
      "additionalInfo" : {
        "description" : null,
        "contentType" : "JSON",
        "documentState" : "VALID"
      }
    }
  }, {
    "objectGuid" : "c5qz4Q9s60Sid2qjCfVUuC",
    "objectName" : "V2API_Mapping01",
    "objectType" : "DTEMPLATE",
    "path" : "/Explore/IICS_V2API",
    "metadata" : {
      "modelVersion" : {
        "major" : 0,
        "minor" : 0
      },
      "repoInfo" : {
        "repoHandle" : "013U9C17000000000003"
      },
      "objectRefs" : [ "388DcaWt1DTeMZgR97Oger", "7z5U3XyumWjgDbNU0tXuIA" ],
      "contextAttributes" : [ {
        "name" : "id",
        "value" : "@1"
      } ],
      "additionalInfo" : {
        "description" : "DO NOT CHANGE THIS !!!\nAzure MS-SQL mapping to flat file, This mapping is used for V2 API testing.\nIf agent is linux,  target directory set to /tmp, if agent is windows target directory set to c:/temp. (handled by automation script)\n\n",
        "contentType" : "JSON",
        "documentState" : "VALID"
      }
    }
  }, {
    "objectGuid" : "7z5U3XyumWjgDbNU0tXuIA",
    "objectName" : "V2API_Target",
    "objectType" : "Connection",
    "path" : "/SYS",
    "metadata" : {
      "modelVersion" : {
        "major" : 0,
        "minor" : 0
      },
      "repoInfo" : {
        "repoHandle" : "013U9C0B000000000003"
      },
      "objectRefs" : [ "0ovBPOQ554kd98YimKSGsc" ],
      "contextAttributes" : [ {
        "name" : "id",
        "value" : "@1"
      } ],
      "additionalInfo" : {
        "description" : null,
        "contentType" : "JSON",
        "documentState" : "COMPLETE"
      }
    }
  }, {
    "objectGuid" : "7WMfHJDq1KChn6bWfx5VW8",
    "objectName" : "MCT_Longrun_1min_04",
    "objectType" : "MTT",
    "path" : "/Explore/IICS_V2API",
    "metadata" : {
      "modelVersion" : {
        "major" : 0,
        "minor" : 0
      },
      "repoInfo" : {
        "repoHandle" : "013U9C0Z000000000008"
      },
      "objectRefs" : [ "388DcaWt1DTeMZgR97Oger", "0ovBPOQ554kd98YimKSGsc", "7z5U3XyumWjgDbNU0tXuIA", "1hawmsYaaETjExrHpnRS4s" ],
      "contextAttributes" : [ {
        "name" : "id",
        "value" : "@1"
      } ],
      "additionalInfo" : {
        "description" : "AzureSOQL map to flat file.\r\nruntime env set in configure file.\r\n",
        "contentType" : "JSON",
        "documentState" : "VALID"
      }
    }
  }, {
    "objectGuid" : "1hawmsYaaETjExrHpnRS4s",
    "objectName" : "V2API_Mapping02",
    "objectType" : "DTEMPLATE",
    "path" : "/Explore/IICS_V2API",
    "metadata" : {
      "modelVersion" : {
        "major" : 0,
        "minor" : 0
      },
      "repoInfo" : {
        "repoHandle" : "013U9C17000000000005"
      },
      "objectRefs" : [ "388DcaWt1DTeMZgR97Oger", "7z5U3XyumWjgDbNU0tXuIA" ],
      "contextAttributes" : [ {
        "name" : "id",
        "value" : "@1"
      } ],
      "additionalInfo" : {
        "description" : "DO NOT CHANGE THIS !!!\nAzure MS-SQL mapping to flat file, This mapping is used for V2 API testing.\nIf agent is linux,  target directory set to /tmp, if agent is windows target directory set to c:/temp. (handled by automation script)\n\n",
        "contentType" : "JSON",
        "documentState" : "VALID"
      }
    }
  }, {
    "objectGuid" : "bUNVQTQAvy3gYIT4hlMmqc",
    "objectName" : "MCT_Longrun_1min_01",
    "objectType" : "MTT",
    "path" : "/Explore/IICS_V2API",
    "metadata" : {
      "modelVersion" : {
        "major" : 0,
        "minor" : 0
      },
      "repoInfo" : {
        "repoHandle" : "013U9C0Z000000000005"
      },
      "objectRefs" : [ "388DcaWt1DTeMZgR97Oger", "0ovBPOQ554kd98YimKSGsc", "7z5U3XyumWjgDbNU0tXuIA", "1hawmsYaaETjExrHpnRS4s" ],
      "contextAttributes" : [ {
        "name" : "id",
        "value" : "@1"
      } ],
      "additionalInfo" : {
        "description" : "AzureSOQL map to flat file.\r\nruntime env set in configure file.\r\n",
        "contentType" : "JSON",
        "documentState" : "VALID"
      }
    }
  }, {
    "objectGuid" : "gAzcU6gtQKdgl37hKMTO8m",
    "objectName" : "MCT_Longrun_1min_05",
    "objectType" : "MTT",
    "path" : "/Explore/IICS_V2API",
    "metadata" : {
      "modelVersion" : {
        "major" : 0,
        "minor" : 0
      },
      "repoInfo" : {
        "repoHandle" : "013U9C0Z000000000007"
      },
      "objectRefs" : [ "388DcaWt1DTeMZgR97Oger", "0ovBPOQ554kd98YimKSGsc", "7z5U3XyumWjgDbNU0tXuIA", "1hawmsYaaETjExrHpnRS4s" ],
      "contextAttributes" : [ {
        "name" : "id",
        "value" : "@1"
      } ],
      "additionalInfo" : {
        "description" : "AzureSOQL map to flat file.\r\nruntime env set in configure file.\r\n",
        "contentType" : "JSON",
        "documentState" : "VALID"
      }
    }
  }, {
    "objectGuid" : "ahjqBdDAlRygA8r3HmLNcp",
    "objectName" : "MCT_Longrun_1min_02",
    "objectType" : "MTT",
    "path" : "/Explore/IICS_V2API",
    "metadata" : {
      "modelVersion" : {
        "major" : 0,
        "minor" : 0
      },
      "repoInfo" : {
        "repoHandle" : "013U9C0Z000000000006"
      },
      "objectRefs" : [ "388DcaWt1DTeMZgR97Oger", "0ovBPOQ554kd98YimKSGsc", "7z5U3XyumWjgDbNU0tXuIA", "1hawmsYaaETjExrHpnRS4s" ],
      "contextAttributes" : [ {
        "name" : "id",
        "value" : "@1"
      } ],
      "additionalInfo" : {
        "description" : "AzureSOQL map to flat file.\r\nruntime env set in configure file.\r\n",
        "contentType" : "JSON",
        "documentState" : "VALID"
      }
    }
  }, {
    "objectGuid" : "388DcaWt1DTeMZgR97Oger",
    "objectName" : "V2API_Source",
    "objectType" : "Connection",
    "path" : "/SYS",
    "metadata" : {
      "modelVersion" : {
        "major" : 0,
        "minor" : 0
      },
      "repoInfo" : {
        "repoHandle" : "013U9C0B000000000004"
      },
      "objectRefs" : [ "0ovBPOQ554kd98YimKSGsc" ],
      "contextAttributes" : [ {
        "name" : "id",
        "value" : "@1"
      } ],
      "additionalInfo" : {
        "description" : "Azure_SQL_Server",
        "contentType" : "JSON",
        "documentState" : "COMPLETE"
      }
    }
  }, {
    "objectGuid" : "4aTKt3itM6xjP3yjiu6KQ5",
    "objectName" : "MCT_Longrun_1min_03",
    "objectType" : "MTT",
    "path" : "/Explore/IICS_V2API",
    "metadata" : {
      "modelVersion" : {
        "major" : 0,
        "minor" : 0
      },
      "repoInfo" : {
        "repoHandle" : "013U9C0Z000000000009"
      },
      "objectRefs" : [ "388DcaWt1DTeMZgR97Oger", "0ovBPOQ554kd98YimKSGsc", "7z5U3XyumWjgDbNU0tXuIA", "1hawmsYaaETjExrHpnRS4s" ],
      "contextAttributes" : [ {
        "name" : "id",
        "value" : "@1"
      } ],
      "additionalInfo" : {
        "description" : "AzureSOQL map to flat file.\r\nruntime env set in configure file.\r\n",
        "contentType" : "JSON",
        "documentState" : "VALID"
      }
    }
  }, {
    "objectGuid" : "64NM5w3YgGcdzmYHx0SHQd",
    "objectName" : "MCT_Longrun_5min_05",
    "objectType" : "MTT",
    "path" : "/Explore/IICS_V2API",
    "metadata" : {
      "modelVersion" : {
        "major" : 0,
        "minor" : 0
      },
      "repoInfo" : {
        "repoHandle" : "013U9C0Z00000000000D"
      },
      "objectRefs" : [ "388DcaWt1DTeMZgR97Oger", "0ovBPOQ554kd98YimKSGsc", "7z5U3XyumWjgDbNU0tXuIA", "1hawmsYaaETjExrHpnRS4s" ],
      "contextAttributes" : [ {
        "name" : "id",
        "value" : "@1"
      } ],
      "additionalInfo" : {
        "description" : "AzureSOQL map to flat file.\r\nruntime env set in configure file.\r\n",
        "contentType" : "JSON",
        "documentState" : "VALID"
      }
    }
  }, {
    "objectGuid" : "gDMRynNfp0jfa7gQgFpxIe",
    "objectName" : "MCT_Longrun_5min_01",
    "objectType" : "MTT",
    "path" : "/Explore/IICS_V2API",
    "metadata" : {
      "modelVersion" : {
        "major" : 0,
        "minor" : 0
      },
      "repoInfo" : {
        "repoHandle" : "013U9C0Z00000000000B"
      },
      "objectRefs" : [ "388DcaWt1DTeMZgR97Oger", "0ovBPOQ554kd98YimKSGsc", "7z5U3XyumWjgDbNU0tXuIA", "1hawmsYaaETjExrHpnRS4s" ],
      "contextAttributes" : [ {
        "name" : "id",
        "value" : "@1"
      } ],
      "additionalInfo" : {
        "description" : "AzureSOQL map to flat file.\r\nruntime env set in configure file.\r\n",
        "contentType" : "JSON",
        "documentState" : "VALID"
      }
    }
  }, {
    "objectGuid" : "1IPrJALjjfHleZlHKQlf6N",
    "objectName" : "MCT_Longrun_5min_03",
    "objectType" : "MTT",
    "path" : "/Explore/IICS_V2API",
    "metadata" : {
      "modelVersion" : {
        "major" : 0,
        "minor" : 0
      },
      "repoInfo" : {
        "repoHandle" : "013U9C0Z00000000000C"
      },
      "objectRefs" : [ "388DcaWt1DTeMZgR97Oger", "0ovBPOQ554kd98YimKSGsc", "7z5U3XyumWjgDbNU0tXuIA", "1hawmsYaaETjExrHpnRS4s" ],
      "contextAttributes" : [ {
        "name" : "id",
        "value" : "@1"
      } ],
      "additionalInfo" : {
        "description" : "AzureSOQL map to flat file.\r\nruntime env set in configure file.\r\n",
        "contentType" : "JSON",
        "documentState" : "VALID"
      }
    }
  }, {
    "objectGuid" : "a7ggX2ptCOKlE4zXjYquqi",
    "objectName" : "IICS_V2API",
    "objectType" : "Project",
    "path" : "/Explore",
    "metadata" : {
      "modelVersion" : {
        "major" : 0,
        "minor" : 0
      },
      "repoInfo" : null,
      "objectRefs" : [ ],
      "contextAttributes" : [ ],
      "additionalInfo" : {
        "description" : "The task will be used for V2 API test.",
        "contentType" : "Binary",
        "documentState" : "COMPLETE"
      }
    }
  }, {
    "objectGuid" : "4ASvwR5K0ilb6szIPHyA4j",
    "objectName" : "MCT_Longrun_5min_04",
    "objectType" : "MTT",
    "path" : "/Explore/IICS_V2API",
    "metadata" : {
      "modelVersion" : {
        "major" : 0,
        "minor" : 0
      },
      "repoInfo" : {
        "repoHandle" : "013U9C0Z00000000000E"
      },
      "objectRefs" : [ "388DcaWt1DTeMZgR97Oger", "0ovBPOQ554kd98YimKSGsc", "7z5U3XyumWjgDbNU0tXuIA", "1hawmsYaaETjExrHpnRS4s" ],
      "contextAttributes" : [ {
        "name" : "id",
        "value" : "@1"
      } ],
      "additionalInfo" : {
        "description" : "AzureSOQL map to flat file.\r\nruntime env set in configure file.\r\n",
        "contentType" : "JSON",
        "documentState" : "VALID"
      }
    }
  } ]
}