[{"@type":"mappingTemplate","id":"@1","name":"V2API_Mapping01","description":"DO NOT CHANGE THIS !!!\nAzure MS-SQL mapping to flat file, This mapping is used for V2 API testing.\nIf agent is linux,  target directory set to /tmp, if agent is windows target directory set to c:/temp. (handled by automation script)\n\n","bundleVersion":"0","templateId":"@3","deployTime":1689040864000,"hasParameters":false,"valid":true,"fixedConnection":true,"hasParametersDeployed":false,"fixedConnectionDeployed":true,"isSchemaValidationEnabled":false,"tasks":1,"mappingPreviewFileRecordId":"@2","documentType":"","references":[{"@type":"reference","refObjectId":"@gu3rwJFJc25iYwMbWCoiE1","refType":"connection"},{"@type":"reference","refObjectId":"@55PXuv421XSdsEZoWIT0oQ","refType":"connection"}]}]